pos,anno,AF2122,MicPin,nonMicPin
13481,"{""NA""",G,A,G
18063,"{""NA""",C,A,C
27532,"{""NA""",C,G,C
38105,"{""NA""",A,C,A
47883,"{""NA""",C,G,C
76126,"{""NA""",C,A,C
86255,"{""NA""",C,T,C
97120,"{""NA""",A,T,A
101334,"{""NA""",G,A,G
102006,"{""NA""",C,A,C
116424,"{""NA""",C,A,C
126140,"{""NA""",C,T,C
135966,"{""NA""",G,A,G
136633,"{""NA""",C,T,C
148140,"{""NA""",C,T,C
149138,"{""NA""",A,C,A
151788,"{""NA""",T,C,T
152685,"{""NA""",C,T,C
192098,"{""NA""",G,T,G
194247,"{""NA""",G,T,G
209616,"{""NA""",G,A,G
219170,"{""NA""",G,C,G
232123,"{""NA""",G,A,G
235342,"{""NA""",G,A,G
280360,"{""NA""",G,T,G
283370,"{""NA""",A,C,A
303947,"{""NA""",C,T,C
310053,"{""NA""",C,T,C
327241,"{""NA""",G,T,G
385168,"{""NA""",C,T,C
385278,"{""NA""",G,C,G
390192,"{""NA""",C,T,C
428407,"{""NA""",G,A,G
428936,"{""NA""",T,A,T
441696,"{""NA""",G,A,G
455038,"{""NA""",C,T,C
489692,"{""NA""",C,T,C
511785,"{""NA""",C,A,C
518024,"{""NA""",C,T,C
520685,"{""NA""",C,T,C
531039,"{""NA""",T,G,T
540818,"{""NA""",G,A,G
545184,"{""NA""",C,T,C
549889,"{""NA""",G,A,G
560456,"{""NA""",G,C,G
596965,"{""NA""",C,G,C
678944,"{""NA""",C,T,C
724402,"{""NA""",C,A,C
740605,"{""NA""",G,T,G
742399,"{""NA""",G,A,G
819983,"{""NA""",G,C,G
828297,"{""NA""",G,A,G
845432,"{""NA""",C,T,C
850656,"{""NA""",G,T,G
853173,"{""NA""",T,G,T
855278,"{""NA""",G,T,G
860720,"{""NA""",C,T,C
869763,"{""NA""",C,T,C
876981,"{""NA""",A,C,A
881654,"{""NA""",G,A,G
888240,"{""NA""",G,A,G
910832,"{""NA""",G,A,G
943340,"{""NA""",C,T,C
948234,"{""NA""",T,G,T
981136,"{""NA""",T,C,T
1012805,"{""NA""",G,A,G
1017367,"{""NA""",G,A,G
1027700,"{""NA""",C,T,C
1030274,"{""NA""",C,A,C
1031791,"{""NA""",G,A,G
1052100,"{""NA""",C,T,C
1078676,"{""NA""",A,T,A
1101854,"{""NA""",C,G,C
1116019,"{""NA""",G,A,G
1129304,"{""NA""",C,T,C
1131114,"{""NA""",A,G,A
1141321,"{""NA""",C,T,C
1148017,"{""NA""",C,T,C
1181272,"{""NA""",A,C,A
1204622,"{""NA""",C,T,C
1245639,"{""NA""",C,T,C
1255054,"{""NA""",G,A,G
1261033,"{""NA""",A,G,A
1261533,"{""NA""",C,T,C
1273035,"{""NA""",G,A,G
1289319,"{""NA""",G,T,G
1296140,"{""NA""",C,T,C
1297349,"{""NA""",C,T,C
1315189,"{""NA""",T,C,T
1393134,"{""NA""",A,C,A
1442259,"{""NA""",G,A,G
1460079,"{""NA""",G,A,G
1462034,"{""NA""",C,T,C
1468199,"{""NA""",G,T,G
1488272,"{""NA""",C,T,C
1529755,"{""NA""",C,T,C
1534305,"{""NA""",G,T,G
1539806,"{""NA""",C,T,C
1579407,"{""NA""",G,A,G
1586290,"{""NA""",G,T,G
1627293,"{""NA""",C,T,C
1629342,"{""NA""",G,A,G
1672484,"{""NA""",C,T,C
1700841,"{""NA""",A,C,A
1712410,"{""NA""",G,A,G
1714027,"{""NA""",C,T,C
1727067,"{""NA""",G,T,G
1749285,"{""NA""",G,T,G
1780916,"{""NA""",C,A,C
1782301,"{""NA""",G,T,G
1790149,"{""NA""",T,C,T
1799307,"{""NA""",G,A,G
1834516,"{""NA""",C,T,C
1879461,"{""NA""",G,A,G
1922926,"{""NA""",C,T,C
1931177,"{""NA""",G,T,G
1936917,"{""NA""",G,A,G
1943477,"{""NA""",A,G,A
1995327,"{""NA""",T,C,T
1995482,"{""NA""",T,C,T
1997951,"{""NA""",G,A,G
2002219,"{""NA""",C,T,C
2056039,"{""NA""",C,G,C
2070539,"{""NA""",C,G,C
2078350,"{""NA""",C,T,C
2083846,"{""NA""",G,A,G
2086948,"{""NA""",G,C,G
2131380,"{""NA""",G,A,G
2131902,"{""NA""",C,T,C
2150746,"{""NA""",C,A,C
2226512,"{""NA""",A,C,A
2232924,"{""NA""",C,G,C
2261766,"{""NA""",G,T,G
2274711,"{""NA""",C,T,C
2296496,"{""NA""",C,A,C
2304948,"{""NA""",G,A,G
2311926,"{""NA""",C,A,C
2314049,"{""NA""",G,A,G
2317927,"{""NA""",G,A,G
2322707,"{""NA""",C,A,C
2332145,"{""NA""",A,G,A
2381582,"{""NA""",C,T,C
2383375,"{""NA""",T,C,T
2385259,"{""NA""",C,G,C
2387015,"{""NA""",A,C,A
2432042,"{""NA""",C,T,C
2455374,"{""NA""",A,G,A
2461797,"{""NA""",G,A,G
2474718,"{""NA""",G,A,G
2509526,"{""NA""",G,T,G
2518397,"{""NA""",G,A,G
2525760,"{""NA""",G,T,G
2532094,"{""NA""",C,G,C
2541409,"{""NA""",G,A,G
2631900,"{""NA""",C,T,C
2650811,"{""NA""",C,A,C
2651316,"{""NA""",A,G,A
2723347,"{""NA""",G,A,G
2734638,"{""NA""",G,A,G
2744368,"{""NA""",C,T,C
2745955,"{""NA""",C,A,C
2763446,"{""NA""",C,T,C
2769764,"{""NA""",C,T,C
2778805,"{""NA""",A,C,A
2807880,"{""NA""",G,C,G
2822190,"{""NA""",G,T,G
2827091,"{""NA""",A,G,A
2837777,"{""NA""",C,A,C
2847041,"{""NA""",A,G,A
2857585,"{""NA""",C,T,C
2859915,"{""NA""",G,T,G
2866713,"{""NA""",G,A,G
2878574,"{""NA""",C,T,C
2895365,"{""NA""",T,C,T
2899841,"{""NA""",C,A,C
2925029,"{""NA""",G,A,G
2935039,"{""NA""",G,A,G
2961782,"{""NA""",A,C,A
2983184,"{""NA""",C,T,C
3024649,"{""NA""",C,A,C
3044513,"{""NA""",C,T,C
3047386,"{""NA""",G,T,G
3052401,"{""NA""",T,G,T
3070850,"{""NA""",G,A,G
3075880,"{""NA""",C,A,C
3081937,"{""NA""",C,A,C
3103080,"{""NA""",G,A,G
3105789,"{""NA""",T,C,T
3111275,"{""NA""",G,A,G
3124486,"{""NA""",A,G,A
3136799,"{""NA""",C,G,C
3145660,"{""NA""",C,A,C
3165152,"{""NA""",G,A,G
3180901,"{""NA""",G,A,G
3204680,"{""NA""",C,A,C
3235528,"{""NA""",C,T,C
3311330,"{""NA""",G,C,G
3328987,"{""NA""",G,T,G
3333764,"{""NA""",G,A,G
3337088,"{""NA""",G,A,G
3353516,"{""NA""",G,A,G
3369916,"{""NA""",C,T,C
3405542,"{""NA""",C,T,C
3435083,"{""NA""",G,A,G
3444673,"{""NA""",C,T,C
3461311,"{""NA""",C,A,C
3514031,"{""NA""",C,T,C
3523856,"{""NA""",C,A,C
3552510,"{""NA""",C,T,C
3557635,"{""NA""",G,T,G
3577942,"{""NA""",T,C,T
3616046,"{""NA""",A,G,A
3627526,"{""NA""",C,A,C
3632560,"{""NA""",C,G,C
3679345,"{""NA""",C,T,C
3698007,"{""NA""",C,T,C
3731438,"{""NA""",G,C,G
3748741,"{""NA""",T,A,T
3764602,"{""NA""",C,A,C
3768411,"{""NA""",G,A,G
3793351,"{""NA""",G,A,G
3802310,"{""NA""",A,G,A
3812953,"{""NA""",G,A,G
3818488,"{""NA""",G,A,G
3840860,"{""NA""",C,T,C
3867277,"{""NA""",G,A,G
3885663,"{""NA""",A,G,A
3900558,"{""NA""",A,C,A
3912343,"{""NA""",G,A,G
3934739,"{""NA""",C,G,C
3934972,"{""NA""",C,G,C
3935567,"{""NA""",C,T,C
3936029,"{""NA""",G,A,G
3940894,"{""NA""",C,T,C
3945048,"{""NA""",G,C,G
3957140,"{""NA""",G,A,G
3966153,"{""NA""",C,T,C
3989491,"{""NA""",T,C,T
3994895,"{""NA""",G,A,G
4010453,"{""NA""",A,C,A
4060548,"{""NA""",C,T,C
4082454,"{""NA""",A,G,A
4090804,"{""NA""",G,C,G
4092342,"{""NA""",G,T,G
4111459,"{""NA""",G,A,G
4121240,"{""NA""",C,A,C
4130557,"{""NA""",C,T,C
4140682,"{""NA""",G,A,G
4158162,"{""NA""",G,A,G
4161583,"{""NA""",T,G,T
4191731,"{""NA""",C,G,C
4193060,"{""NA""",C,T,C
4239235,"{""NA""",G,C,G
4250178,"{""NA""",C,G,C
4279833,"{""NA""",G,T,G
4298157,"{""NA""",G,A,G
4315137,"{""NA""",C,T,C
4324637,"{""NA""",C,T,C
4348363,"{""NA""",G,A,G
