pos,anno,AF2122,bTB,nonbTB
24293,"{""NA""",T,T,C
29442,"{""NA""",T,T,C
45177,"{""NA""",A,A,G
53663,"{""NA""",T,T,C
62758,"{""NA""",G,G,A
63029,"{""NA""",T,T,C
63049,"{""NA""",G,G,C
92357,"{""NA""",T,T,A
99336,"{""NA""",T,T,C
122650,"{""NA""",T,T,C
162530,"{""NA""",G,G,A
179424,"{""NA""",T,T,C
184917,"{""NA""",G,G,A
188267,"{""NA""",T,T,G
199800,"{""NA""",T,T,C
227738,"{""NA""",T,T,C
262385,"{""NA""",A,A,G
265653,"{""NA""",A,A,G
266601,"{""NA""",C,C,G
271077,"{""NA""",C,C,G
276186,"{""NA""",T,T,G
285894,"{""NA""",T,T,G
292523,"{""NA""",G,G,T
292778,"{""NA""",C,C,T
362163,"{""NA""",C,C,T
384021,"{""NA""",G,G,A
394778,"{""NA""",A,A,G
399064,"{""NA""",G,G,A
428488,"{""NA""",G,G,T
472937,"{""NA""",G,G,A
474708,"{""NA""",A,A,G
482898,"{""NA""",G,G,A
540902,"{""NA""",G,G,A
583372,"{""NA""",C,C,T
610514,"{""NA""",T,T,C
634973,"{""NA""",C,C,T
654178,"{""NA""",T,T,C
677219,"{""NA""",G,G,A
721373,"{""NA""",C,C,T
722454,"{""NA""",T,T,C
726039,"{""NA""",A,A,C
733788,"{""NA""",G,G,A
746998,"{""NA""",A,A,G
747114,"{""NA""",G,G,C
770931,"{""NA""",G,G,A
774665,"{""NA""",A,A,G
788162,"{""NA""",G,G,T
846049,"{""NA""",C,C,T
864764,"{""NA""",T,T,C
870460,"{""NA""",C,C,T
917489,"{""NA""",G,G,A
925130,"{""NA""",A,A,G
928734,"{""NA""",C,C,T
929147,"{""NA""",T,T,G
934982,"{""NA""",A,A,G
940714,"{""NA""",G,G,A
1009407,"{""NA""",C,C,T
1010182,"{""NA""",T,T,C
1027911,"{""NA""",C,C,G
1077384,"{""NA""",T,T,C
1129639,"{""NA""",T,T,C
1149603,"{""NA""",T,T,C
1166988,"{""NA""",T,T,C
1171325,"{""NA""",A,A,G
1199664,"{""NA""",A,A,G
1236056,"{""NA""",A,A,G
1255981,"{""NA""",C,C,T
1295404,"{""NA""",T,T,C
1377896,"{""NA""",T,T,C
1377963,"{""NA""",C,C,T
1388194,"{""NA""",T,T,C
1410767,"{""NA""",T,T,C
1439993,"{""NA""",A,A,C
1480756,"{""NA""",T,T,C
1495049,"{""NA""",T,T,C
1498602,"{""NA""",G,G,A
1498733,"{""NA""",T,T,G
1501735,"{""NA""",T,T,C
1530380,"{""NA""",C,C,A
1539383,"{""NA""",T,T,C
1563137,"{""NA""",C,C,T
1574684,"{""NA""",T,T,C
1590027,"{""NA""",G,G,T
1663713,"{""NA""",C,C,T
1672813,"{""NA""",T,T,C
1673544,"{""NA""",C,C,T
1712517,"{""NA""",G,G,A
1727716,"{""NA""",G,G,C
1742619,"{""NA""",A,A,G
1794090,"{""NA""",C,C,T
1813159,"{""NA""",C,C,G
1820070,"{""NA""",A,A,G
1826632,"{""NA""",T,T,G
1871730,"{""NA""",T,T,G
1873921,"{""NA""",T,T,C
1875904,"{""NA""",G,G,A
1937700,"{""NA""",A,A,G
1938830,"{""NA""",T,T,C
1947152,"{""NA""",C,C,T
1960836,"{""NA""",T,T,C
1961268,"{""NA""",T,T,G
2025176,"{""NA""",T,T,C
2053146,"{""NA""",G,G,A
2073079,"{""NA""",T,T,C
2078989,"{""NA""",A,A,G
2098888,"{""NA""",T,T,C
2104092,"{""NA""",T,T,C
2115396,"{""NA""",T,T,C
2139282,"{""NA""",A,A,G
2151612,"{""NA""",T,T,A
2164055,"{""NA""",G,G,T
2171758,"{""NA""",A,A,G
2184687,"{""NA""",T,T,C
2193713,"{""NA""",T,T,C
2197340,"{""NA""",C,C,T
2235565,"{""NA""",A,A,G
2277397,"{""NA""",C,C,G
2279641,"{""NA""",C,C,T
2308854,"{""NA""",G,G,A
2316919,"{""NA""",A,A,G
2321424,"{""NA""",T,T,C
2326989,"{""NA""",T,T,C
2358599,"{""NA""",T,T,C
2409757,"{""NA""",C,C,A
2452079,"{""NA""",T,T,C
2459446,"{""NA""",G,G,T
2468359,"{""NA""",G,G,A
2485063,"{""NA""",C,C,T
2512246,"{""NA""",A,A,G
2565207,"{""NA""",A,A,G
2599181,"{""NA""",A,A,G
2631158,"{""NA""",A,A,G
2655075,"{""NA""",T,T,C
2665358,"{""NA""",A,A,G
2676309,"{""NA""",T,T,C
2689402,"{""NA""",C,C,T
2690867,"{""NA""",T,T,C
2696441,"{""NA""",G,G,A
2746754,"{""NA""",C,C,G
2776035,"{""NA""",A,A,G
2788654,"{""NA""",T,T,G
2853828,"{""NA""",C,C,T
2876375,"{""NA""",A,A,G
2884375,"{""NA""",A,A,G
2899159,"{""NA""",A,A,G
2917420,"{""NA""",A,A,G
2940146,"{""NA""",C,C,T
3003401,"{""NA""",C,C,G
3016908,"{""NA""",G,G,A
3020256,"{""NA""",G,G,A
3042717,"{""NA""",A,A,G
3076507,"{""NA""",C,C,A
3101136,"{""NA""",A,A,C
3119647,"{""NA""",T,T,C
3190129,"{""NA""",A,A,G
3196755,"{""NA""",C,C,G
3296613,"{""NA""",C,C,T
3316445,"{""NA""",A,A,T
3326391,"{""NA""",A,A,G
3332428,"{""NA""",A,A,G
3348069,"{""NA""",A,A,G
3408422,"{""NA""",A,A,G
3428274,"{""NA""",C,C,G
3438563,"{""NA""",T,T,C
3441065,"{""NA""",C,C,G
3464044,"{""NA""",A,A,G
3471108,"{""NA""",G,G,T
3477088,"{""NA""",T,T,C
3496643,"{""NA""",G,G,C
3549094,"{""NA""",C,C,T
3553860,"{""NA""",A,A,G
3565636,"{""NA""",A,A,G
3566951,"{""NA""",A,A,G
3631168,"{""NA""",A,A,G
3638161,"{""NA""",A,A,G
3664417,"{""NA""",A,A,G
3665811,"{""NA""",G,G,C
3697856,"{""NA""",G,G,T
3728627,"{""NA""",T,T,C
3740607,"{""NA""",A,A,G
3740858,"{""NA""",T,T,G
3781787,"{""NA""",A,A,G
3829369,"{""NA""",T,T,C
3837231,"{""NA""",A,A,G
3857994,"{""NA""",A,A,G
3925538,"{""NA""",A,A,G
3935273,"{""NA""",C,C,T
3944275,"{""NA""",C,C,G
3952232,"{""NA""",G,G,A
3968721,"{""NA""",T,T,G
3976552,"{""NA""",T,T,G
3986056,"{""NA""",G,G,A
4032310,"{""NA""",T,T,C
4071348,"{""NA""",A,A,C
4078313,"{""NA""",A,A,G
4099450,"{""NA""",A,A,G
4105952,"{""NA""",A,A,G
4111701,"{""NA""",A,A,G
4112985,"{""NA""",C,C,T
4122726,"{""NA""",C,C,G
4170177,"{""NA""",C,C,T
4187258,"{""NA""",G,G,A
4226973,"{""NA""",A,A,G
4227015,"{""NA""",A,A,G
4227569,"{""NA""",A,A,G
4263590,"{""NA""",A,A,G
4297557,"{""NA""",A,A,G
4305426,"{""NA""",C,C,T
4308901,"{""NA""",G,G,A
4325126,"{""NA""",C,C,A
4329232,"{""NA""",T,T,C
