pos,anno,AF2122,Microti,nonMicroti
5671,"{""NA""",C,T,C
28945,"{""NA""",C,T,C
126134,"{""NA""",G,A,G
207206,"{""NA""",C,T,C
247448,"{""NA""",G,A,G
447385,"{""NA""",A,C,A
454011,"{""NA""",C,T,C
468396,"{""NA""",A,T,A
542479,"{""NA""",G,T,G
562538,"{""NA""",C,A,C
609401,"{""NA""",C,T,C
615944,"{""NA""",C,T,C
889854,"{""NA""",A,T,A
913800,"{""NA""",G,C,G
991087,"{""NA""",G,A,G
1004229,"{""NA""",A,G,A
1136797,"{""NA""",C,T,C
1144195,"{""NA""",C,T,C
1187703,"{""NA""",T,G,T
1188833,"{""NA""",C,T,C
1325438,"{""NA""",C,T,C
1366147,"{""NA""",G,C,G
1404126,"{""NA""",A,C,A
1433347,"{""NA""",T,A,T
1501652,"{""NA""",T,C,T
1532458,"{""NA""",C,T,C
1538456,"{""NA""",T,C,T
1574691,"{""NA""",T,G,T
1587876,"{""NA""",G,C,G
1759430,"{""NA""",G,T,G
1763856,"{""NA""",C,T,C
1940731,"{""NA""",C,T,C
1974645,"{""NA""",A,G,A
1998809,"{""NA""",C,T,C
2088508,"{""NA""",G,T,G
2101818,"{""NA""",A,G,A
2325068,"{""NA""",G,T,G
2325073,"{""NA""",G,A,G
2374433,"{""NA""",A,C,A
2378368,"{""NA""",A,G,A
2430625,"{""NA""",G,C,G
2445936,"{""NA""",G,A,G
2478670,"{""NA""",G,A,G
2506852,"{""NA""",C,T,C
2548769,"{""NA""",G,C,G
2593105,"{""NA""",T,G,T
2719146,"{""NA""",G,A,G
2821249,"{""NA""",G,A,G
2846660,"{""NA""",G,T,G
2885777,"{""NA""",C,T,C
2944864,"{""NA""",C,T,C
2963409,"{""NA""",T,C,T
2975453,"{""NA""",A,T,A
3024609,"{""NA""",A,G,A
3118505,"{""NA""",T,A,T
3165195,"{""NA""",G,A,G
3265994,"{""NA""",G,A,G
3271300,"{""NA""",G,A,G
3295564,"{""NA""",T,C,T
3392414,"{""NA""",G,C,G
3419426,"{""NA""",G,C,G
3500278,"{""NA""",A,G,A
3516166,"{""NA""",T,C,T
3531257,"{""NA""",G,C,G
3556044,"{""NA""",T,G,T
3647514,"{""NA""",G,A,G
3725619,"{""NA""",A,G,A
3736684,"{""NA""",G,A,G
3792395,"{""NA""",A,G,A
3866783,"{""NA""",C,T,C
3904909,"{""NA""",C,G,C
3907973,"{""NA""",A,G,A
3964142,"{""NA""",T,C,T
4029993,"{""NA""",C,A,C
4070287,"{""NA""",G,T,G
4070297,"{""NA""",A,C,A
4072607,"{""NA""",C,G,C
4084792,"{""NA""",C,T,C
4132243,"{""NA""",A,C,A
4152730,"{""NA""",G,A,G
4163517,"{""NA""",C,G,C
4226236,"{""NA""",T,C,T
4265038,"{""NA""",G,A,G
4269549,"{""NA""",T,C,T
