pos,anno,AF2122,nonPinnipedii,Pinnipedii
3139,"{""NA""",C,C,G
10049,"{""NA""",T,T,C
16530,"{""NA""",G,G,A
28325,"{""NA""",C,C,T
28713,"{""NA""",C,C,G
38964,"{""NA""",C,C,T
41222,"{""NA""",A,A,G
63078,"{""NA""",C,C,T
88287,"{""NA""",C,C,A
90083,"{""NA""",C,C,T
107009,"{""NA""",C,C,A
117106,"{""NA""",G,G,A
125186,"{""NA""",C,C,T
131638,"{""NA""",C,C,T
141054,"{""NA""",T,T,G
214570,"{""NA""",G,G,A
218732,"{""NA""",T,T,C
220999,"{""NA""",A,A,G
249263,"{""NA""",C,C,T
270485,"{""NA""",C,C,A
303773,"{""NA""",G,G,A
304309,"{""NA""",G,G,A
309818,"{""NA""",C,C,T
312220,"{""NA""",C,C,A
314410,"{""NA""",C,C,T
321372,"{""NA""",C,C,A
349282,"{""NA""",G,G,T
360439,"{""NA""",A,A,G
379708,"{""NA""",C,C,A
381130,"{""NA""",G,G,T
385862,"{""NA""",A,A,G
421129,"{""NA""",C,C,T
441426,"{""NA""",C,C,T
444635,"{""NA""",A,A,T
448059,"{""NA""",G,G,A
459173,"{""NA""",G,G,A
459634,"{""NA""",C,C,G
468438,"{""NA""",C,C,T
487132,"{""NA""",A,A,G
491404,"{""NA""",G,G,A
502209,"{""NA""",G,G,A
542055,"{""NA""",G,G,A
564331,"{""NA""",C,C,T
583630,"{""NA""",C,C,T
589641,"{""NA""",C,C,T
594196,"{""NA""",C,C,T
610865,"{""NA""",G,G,A
621539,"{""NA""",C,C,T
631538,"{""NA""",G,G,C
654974,"{""NA""",C,C,T
659975,"{""NA""",C,C,T
671917,"{""NA""",A,A,G
717042,"{""NA""",T,T,G
729845,"{""NA""",C,C,T
737376,"{""NA""",C,C,T
746562,"{""NA""",C,C,T
758157,"{""NA""",C,C,T
780623,"{""NA""",C,C,G
781454,"{""NA""",A,A,G
799769,"{""NA""",G,G,C
863987,"{""NA""",C,C,T
874213,"{""NA""",C,C,T
888485,"{""NA""",G,G,A
898074,"{""NA""",C,C,T
899322,"{""NA""",G,G,A
906598,"{""NA""",G,G,A
920749,"{""NA""",C,C,T
929714,"{""NA""",C,C,T
953528,"{""NA""",G,G,A
966097,"{""NA""",G,G,A
966864,"{""NA""",C,C,T
980523,"{""NA""",C,C,G
982805,"{""NA""",G,G,A
986236,"{""NA""",G,G,A
999749,"{""NA""",C,C,T
1012698,"{""NA""",A,A,G
1018825,"{""NA""",C,C,T
1021368,"{""NA""",A,A,G
1028444,"{""NA""",G,G,A
1028903,"{""NA""",C,C,T
1037401,"{""NA""",A,A,G
1053775,"{""NA""",C,C,T
1062346,"{""NA""",T,T,G
1079548,"{""NA""",C,C,T
1100834,"{""NA""",C,C,T
1106824,"{""NA""",C,C,T
1118793,"{""NA""",C,C,T
1130514,"{""NA""",C,C,T
1153030,"{""NA""",A,A,C
1153876,"{""NA""",G,G,T
1168991,"{""NA""",G,G,C
1199104,"{""NA""",G,G,C
1202030,"{""NA""",C,C,T
1208435,"{""NA""",C,C,T
1216799,"{""NA""",A,A,C
1217481,"{""NA""",A,A,C
1222581,"{""NA""",C,C,G
1226659,"{""NA""",A,A,G
1270965,"{""NA""",C,C,T
1271095,"{""NA""",G,G,T
1282564,"{""NA""",G,G,T
1301539,"{""NA""",T,T,A
1339798,"{""NA""",A,A,T
1353528,"{""NA""",A,A,G
1377730,"{""NA""",G,G,A
1392738,"{""NA""",C,C,T
1407823,"{""NA""",G,G,A
1410205,"{""NA""",G,G,T
1434473,"{""NA""",T,T,C
1438917,"{""NA""",C,C,T
1440500,"{""NA""",T,T,C
1467906,"{""NA""",T,T,G
1475539,"{""NA""",T,T,C
1478887,"{""NA""",T,T,C
1499768,"{""NA""",T,T,C
1501776,"{""NA""",C,C,T
1506714,"{""NA""",G,G,A
1542832,"{""NA""",C,C,T
1545176,"{""NA""",A,A,C
1578439,"{""NA""",G,G,A
1591064,"{""NA""",G,G,C
1599405,"{""NA""",G,G,A
1612165,"{""NA""",G,G,C
1612894,"{""NA""",C,C,T
1655427,"{""NA""",C,C,T
1662041,"{""NA""",T,T,C
1680466,"{""NA""",G,G,T
1694467,"{""NA""",A,A,T
1695454,"{""NA""",C,C,A
1704375,"{""NA""",G,G,C
1706125,"{""NA""",G,G,T
1710236,"{""NA""",C,C,T
1730935,"{""NA""",C,C,T
1732278,"{""NA""",T,T,G
1741984,"{""NA""",C,C,T
1753718,"{""NA""",A,A,G
1801181,"{""NA""",C,C,G
1815112,"{""NA""",G,G,A
1835016,"{""NA""",C,C,A
1847522,"{""NA""",C,C,T
1869016,"{""NA""",C,C,T
1898135,"{""NA""",C,C,T
1910593,"{""NA""",A,A,G
1914446,"{""NA""",C,C,T
1918561,"{""NA""",C,C,T
1924444,"{""NA""",G,G,C
1956722,"{""NA""",A,A,T
1970447,"{""NA""",C,C,G
1998924,"{""NA""",G,G,C
2004356,"{""NA""",C,C,G
2029769,"{""NA""",G,G,C
2032264,"{""NA""",G,G,C
2063071,"{""NA""",A,A,C
2077181,"{""NA""",T,T,C
2082346,"{""NA""",G,G,T
2089724,"{""NA""",G,G,A
2090036,"{""NA""",G,G,A
2108598,"{""NA""",G,G,A
2117764,"{""NA""",C,C,T
2119911,"{""NA""",C,C,T
2121774,"{""NA""",C,C,G
2137120,"{""NA""",C,C,T
2163416,"{""NA""",G,G,C
2163990,"{""NA""",G,G,A
2185552,"{""NA""",G,G,A
2188670,"{""NA""",G,G,A
2195151,"{""NA""",T,T,C
2224647,"{""NA""",T,T,G
2228190,"{""NA""",T,T,G
2232559,"{""NA""",G,G,C
2272926,"{""NA""",G,G,C
2301591,"{""NA""",G,G,A
2334050,"{""NA""",T,T,G
2335394,"{""NA""",C,C,T
2345267,"{""NA""",G,G,A
2350392,"{""NA""",A,A,C
2358275,"{""NA""",C,C,A
2380669,"{""NA""",G,G,A
2407917,"{""NA""",T,T,C
2418414,"{""NA""",G,G,A
2455731,"{""NA""",A,A,G
2456596,"{""NA""",C,C,T
2457024,"{""NA""",C,C,G
2475080,"{""NA""",T,T,C
2481132,"{""NA""",A,A,C
2495594,"{""NA""",C,C,G
2503815,"{""NA""",G,G,A
2508969,"{""NA""",T,T,C
2523595,"{""NA""",T,T,C
2536398,"{""NA""",A,A,C
2564754,"{""NA""",G,G,T
2572888,"{""NA""",A,A,C
2587989,"{""NA""",A,A,G
2623200,"{""NA""",C,C,T
2627047,"{""NA""",G,G,C
2646662,"{""NA""",G,G,A
2667370,"{""NA""",G,G,A
2670721,"{""NA""",C,C,A
2679674,"{""NA""",G,G,A
2679814,"{""NA""",G,G,A
2734066,"{""NA""",C,C,T
2745933,"{""NA""",C,C,G
2748556,"{""NA""",G,G,A
2762459,"{""NA""",G,G,A
2786591,"{""NA""",G,G,A
2792257,"{""NA""",G,G,A
2818291,"{""NA""",T,T,A
2828915,"{""NA""",G,G,A
2840790,"{""NA""",C,C,A
2846757,"{""NA""",C,C,T
2860345,"{""NA""",G,G,A
2865367,"{""NA""",G,G,T
2872202,"{""NA""",G,G,A
2873783,"{""NA""",G,G,A
2880525,"{""NA""",C,C,A
2881859,"{""NA""",A,A,C
2883996,"{""NA""",G,G,C
2884970,"{""NA""",G,G,T
2888640,"{""NA""",C,C,G
2893232,"{""NA""",T,T,C
2914131,"{""NA""",T,T,G
2919969,"{""NA""",G,G,A
2924742,"{""NA""",G,G,A
2958434,"{""NA""",C,C,T
2968051,"{""NA""",G,G,A
2971816,"{""NA""",T,T,C
2986167,"{""NA""",C,C,A
3024858,"{""NA""",C,C,T
3024956,"{""NA""",A,A,G
3026851,"{""NA""",C,C,T
3030371,"{""NA""",G,G,A
3040929,"{""NA""",T,T,G
3051741,"{""NA""",C,C,T
3069636,"{""NA""",C,C,T
3071269,"{""NA""",C,C,G
3072290,"{""NA""",G,G,A
3088508,"{""NA""",T,T,C
3098380,"{""NA""",G,G,A
3102455,"{""NA""",C,C,A
3106939,"{""NA""",C,C,T
3109570,"{""NA""",A,A,C
3126804,"{""NA""",G,G,A
3127329,"{""NA""",C,C,T
3128144,"{""NA""",T,T,C
3150579,"{""NA""",T,T,C
3165088,"{""NA""",A,A,C
3172320,"{""NA""",C,C,T
3176809,"{""NA""",A,A,C
3178379,"{""NA""",G,G,C
3181361,"{""NA""",G,G,T
3192883,"{""NA""",G,G,A
3216131,"{""NA""",C,C,T
3219818,"{""NA""",C,C,T
3223292,"{""NA""",G,G,A
3233102,"{""NA""",G,G,A
3240630,"{""NA""",G,G,A
3246126,"{""NA""",C,C,T
3261863,"{""NA""",G,G,A
3269464,"{""NA""",T,T,C
3270593,"{""NA""",C,C,T
3273270,"{""NA""",G,G,C
3273802,"{""NA""",G,G,A
3298200,"{""NA""",G,G,A
3307499,"{""NA""",G,G,C
3345911,"{""NA""",C,C,A
3358272,"{""NA""",T,T,C
3378546,"{""NA""",T,T,C
3392458,"{""NA""",G,G,T
3424648,"{""NA""",G,G,A
3430910,"{""NA""",C,C,T
3455025,"{""NA""",C,C,T
3458697,"{""NA""",G,G,C
3459614,"{""NA""",G,G,A
3461200,"{""NA""",G,G,A
3505114,"{""NA""",G,G,T
3509257,"{""NA""",C,C,T
3534044,"{""NA""",G,G,A
3555608,"{""NA""",C,C,T
3559583,"{""NA""",T,T,C
3588642,"{""NA""",C,C,A
3589313,"{""NA""",G,G,A
3633920,"{""NA""",G,G,A
3644668,"{""NA""",G,G,A
3685969,"{""NA""",C,C,T
3687364,"{""NA""",G,G,A
3714638,"{""NA""",T,T,G
3720634,"{""NA""",C,C,A
3734058,"{""NA""",G,G,T
3744601,"{""NA""",G,G,A
3748542,"{""NA""",G,G,T
3783635,"{""NA""",A,A,C
3827493,"{""NA""",C,C,T
3832833,"{""NA""",A,A,C
3835096,"{""NA""",G,G,C
3838602,"{""NA""",G,G,A
3839007,"{""NA""",C,C,T
3889756,"{""NA""",A,A,C
3900805,"{""NA""",G,G,A
3924529,"{""NA""",G,G,C
3975656,"{""NA""",G,G,C
3980575,"{""NA""",C,C,T
3981782,"{""NA""",C,C,T
4010017,"{""NA""",C,C,T
4012610,"{""NA""",G,G,A
4016801,"{""NA""",C,C,T
4017197,"{""NA""",A,A,G
4075015,"{""NA""",G,G,A
4084874,"{""NA""",C,C,G
4087387,"{""NA""",G,G,A
4096313,"{""NA""",C,C,A
4103060,"{""NA""",A,A,G
4104900,"{""NA""",G,G,A
4115834,"{""NA""",C,C,T
4116484,"{""NA""",G,G,A
4125935,"{""NA""",C,C,A
4155044,"{""NA""",G,G,T
4157053,"{""NA""",T,T,G
4191223,"{""NA""",C,C,T
4201768,"{""NA""",C,C,T
4218225,"{""NA""",A,A,G
4250947,"{""NA""",C,C,T
4256223,"{""NA""",G,G,C
4277245,"{""NA""",A,A,G
4305669,"{""NA""",G,G,T
4305752,"{""NA""",G,G,A
4309777,"{""NA""",T,T,C
4318184,"{""NA""",T,T,C
4321614,"{""NA""",G,G,A
4324290,"{""NA""",G,G,A
